{
  "stats_base": {
    "label": "Baseline \u2014 No Checklist ($450/trade)",
    "total_trades": 256,
    "win_count": 143,
    "loss_count": 113,
    "win_rate": 0.55859375,
    "gross_profit": 83000.19999999704,
    "gross_loss": 49953.22000000073,
    "net_profit": 33046.979999996314,
    "profit_factor": 1.6615585541832105,
    "avg_win": 580.4209790209584,
    "avg_loss": -442.0638938053162,
    "expectancy": 129.0897656249856,
    "avg_r": 0.28939197607404465,
    "max_drawdown": -3035.8399999985777,
    "max_win_streak": 9,
    "max_loss_streak": 6,
    "avg_hold_minutes": 28.7109375,
    "largest_winner": 2784.599999999882,
    "largest_loser": -450.0,
    "avg_trade": 129.0897656249856,
    "avg_r_ratio": 1.7094230990357568
  },
  "stats_prop": {
    "label": "Full Checklist \u2014 50K Prop ($450/trade)",
    "total_trades": 83,
    "win_count": 38,
    "loss_count": 45,
    "win_rate": 0.4578313253012048,
    "gross_profit": 15487.719999998855,
    "gross_loss": 10798.699999999466,
    "net_profit": 4689.019999999389,
    "profit_factor": 1.4342207858352969,
    "avg_win": 407.5715789473383,
    "avg_loss": -239.97111111109925,
    "expectancy": 56.494216867462484,
    "avg_r": 0.30642933698970276,
    "max_drawdown": -1671.3400000003348,
    "max_win_streak": 5,
    "max_loss_streak": 5,
    "avg_hold_minutes": 33.91566265060241,
    "largest_winner": 1355.9000000000378,
    "largest_loser": -448.7999999999738,
    "avg_trade": 56.49421686746252,
    "avg_r_ratio": 2.199444816218864
  },
  "stats_live": {
    "label": "Full Checklist \u2014 Live Account ($1,650/trade)",
    "total_trades": 83,
    "win_count": 38,
    "loss_count": 45,
    "win_rate": 0.4578313253012048,
    "gross_profit": 57590.879999995755,
    "gross_loss": 39950.11999999805,
    "net_profit": 17640.759999997706,
    "profit_factor": 1.4415696373377243,
    "avg_win": 1515.5494736840988,
    "avg_loss": -887.7804444444012,
    "expectancy": 212.53927710840588,
    "avg_r": 0.30642933698970276,
    "max_drawdown": -6173.760000001228,
    "max_win_streak": 5,
    "max_loss_streak": 5,
    "avg_hold_minutes": 33.91566265060241,
    "largest_winner": 4964.6800000001385,
    "largest_loser": -1649.9399999998132,
    "avg_trade": 212.5392771084061,
    "avg_r_ratio": 2.199444816218864
  },
  "stats_y1": {
    "label": "Year 1 \u2014 Checklist ($450/trade)",
    "total_trades": 38,
    "win_count": 16,
    "loss_count": 22,
    "win_rate": 0.42105263157894735,
    "gross_profit": 5831.259999999787,
    "gross_loss": 4916.159999999778,
    "net_profit": 915.1000000000095,
    "profit_factor": 1.1861412159083615,
    "avg_win": 364.4537499999867,
    "avg_loss": -223.4618181818081,
    "expectancy": 24.081578947368655,
    "avg_r": 0.1665774540772291,
    "max_drawdown": -1116.7799999999188,
    "max_win_streak": 4,
    "max_loss_streak": 5,
    "avg_hold_minutes": 33.68421052631579,
    "largest_winner": 1355.9000000000378,
    "largest_loser": -448.7999999999738,
    "avg_trade": 24.08157894736867,
    "avg_r_ratio": 2.374610580052242
  },
  "stats_y2": {
    "label": "Year 2 \u2014 Checklist ($450/trade)",
    "total_trades": 45,
    "win_count": 22,
    "loss_count": 23,
    "win_rate": 0.4888888888888889,
    "gross_profit": 9656.459999999068,
    "gross_loss": 5882.539999999688,
    "net_profit": 3773.91999999938,
    "profit_factor": 1.6415459988371657,
    "avg_win": 438.9299999999576,
    "avg_loss": -255.76260869563862,
    "expectancy": 83.8648888888751,
    "avg_r": 0.4245264825602361,
    "max_drawdown": -1150.2199999998775,
    "max_win_streak": 5,
    "max_loss_streak": 5,
    "avg_hold_minutes": 34.11111111111111,
    "largest_winner": 1207.7999999998428,
    "largest_loser": -448.1399999995483,
    "avg_trade": 83.8648888888751,
    "avg_r_ratio": 2.0515270600928996
  },
  "regime_stats": {
    "TREND": {
      "trades": 19,
      "win_rate": 0.6842105263157895,
      "net_profit": 4597.279999999737,
      "profit_factor": 5.165863206349921,
      "avg_r": 0.780224520721394
    },
    "RANGE": {
      "trades": 64,
      "win_rate": 0.390625,
      "net_profit": 91.73999999965235,
      "profit_factor": 1.0094624729503294,
      "avg_r": 0.16577139181935702
    },
    "BIAS_LONG": {
      "trades": 55,
      "win_rate": 0.4909090909090909,
      "net_profit": 5025.7399999999725,
      "profit_factor": 1.7284356809907406,
      "avg_r": 0.44526304097509867
    },
    "BIAS_SHORT": {
      "trades": 28,
      "win_rate": 0.39285714285714285,
      "net_profit": -336.72000000058324,
      "profit_factor": 0.9136469248640556,
      "avg_r": 0.03372027558981812
    },
    "CONVICTION_HIGH": {
      "trades": 10,
      "win_rate": 0.4,
      "net_profit": 2400.2800000003517,
      "profit_factor": 2.197350174094762
    },
    "CONVICTION_MEDIUM": {
      "trades": 31,
      "win_rate": 0.3870967741935484,
      "net_profit": -311.58000000082393,
      "profit_factor": 0.9455683199864373
    },
    "CONVICTION_LOW": {
      "trades": 42,
      "win_rate": 0.5238095238095238,
      "net_profit": 2600.3199999998615,
      "profit_factor": 1.8470649553716214
    },
    "EXIT_TARGET": {
      "trades": 36,
      "pct": 0.43373493975903615,
      "avg_pnl": 417.31666666663205
    },
    "EXIT_STOP": {
      "trades": 44,
      "pct": 0.5301204819277109,
      "avg_pnl": -238.65590909089258
    },
    "EXIT_EOD": {
      "trades": 3,
      "pct": 0.03614457831325301,
      "avg_pnl": 55.49333333330287
    }
  },
  "monte_carlo_prop": {
    "prob_profit": 0.8171,
    "expected_annual_return": 2337.8731899996933,
    "median_annual_return": 2281.729999999534,
    "dd_p5": -3388.8200000003844,
    "dd_p50": -1615.530000000037,
    "dd_p95": -824.3979999999681,
    "max_consec_loss_p95": 9.0,
    "max_consec_loss_median": 5.0,
    "return_p5": -1730.2239999993674,
    "return_p95": 6617.006999999866,
    "risk_of_ruin_2500": 0.1713,
    "risk_of_ruin_1500": 0.5674,
    "risk_of_ruin_900": 0.9164
  },
  "monte_carlo_live": {
    "prob_profit": 0.8261,
    "expected_annual_return": 8786.489053998868,
    "median_annual_return": 8502.929999999566,
    "dd_p5": -12499.010999999397,
    "dd_p50": -5951.199999998687,
    "dd_p95": -3029.66600000022,
    "max_consec_loss_p95": 9.0,
    "max_consec_loss_median": 5.0,
    "return_p5": -6302.410999999421,
    "return_p95": 24843.155999996754,
    "risk_of_ruin_2500": 0.9804,
    "risk_of_ruin_1500": 1.0,
    "risk_of_ruin_900": 1.0
  },
  "monthly_prop": {
    "2023-07": -1006.739999999958,
    "2023-08": 624.3200000000033,
    "2023-09": 1355.9000000000378,
    "2023-10": 417.0600000000959,
    "2023-11": -732.9399999996276,
    "2023-12": 1076.3199999999342,
    "2024-01": -548.8800000000629,
    "2024-02": -9.800000000104774,
    "2024-03": 241.87999999963722,
    "2024-04": -261.15999999997075,
    "2024-05": -200.859999999946,
    "2024-06": -40.000000000029104,
    "2024-07": 187.20000000001892,
    "2024-08": -591.8799999997937,
    "2024-09": -447.8400000000838,
    "2024-10": 530.9600000000355,
    "2024-11": 126.75999999965279,
    "2024-12": 406.84000000007654,
    "2025-01": -206.65999999993073,
    "2025-02": -64.65999999982887,
    "2025-03": 584.5199999994948,
    "2025-04": 1205.1800000001604,
    "2025-05": -112.13999999998487,
    "2025-06": 2265.639999999563,
    "2025-07": -110.0
  },
  "monthly_live": {
    "2023-07": -3674.0199999998476,
    "2023-08": 2336.000000000011,
    "2023-09": 4964.6800000001385,
    "2023-10": 1528.8600000003535,
    "2023-11": -2684.799999998624,
    "2023-12": 3977.419999999758,
    "2024-01": -2056.0400000002337,
    "2024-02": -43.0400000003865,
    "2024-03": 887.9199999986668,
    "2024-04": -929.9199999998964,
    "2024-05": -769.8599999998005,
    "2024-06": -150.00000000010914,
    "2024-07": 714.1000000000713,
    "2024-08": -2184.8399999992325,
    "2024-09": -1642.0800000003073,
    "2024-10": 2044.7200000001321,
    "2024-11": 462.6599999987084,