{
  "s_v1": {
    "label": "v1 Baseline \u2014 No Filters ($900/trade)",
    "total_trades": 256,
    "win_count": 143,
    "loss_count": 113,
    "win_rate": 0.55859375,
    "gross_profit": 166747.09999999407,
    "gross_loss": 100383.78000000145,
    "net_profit": 66363.31999999263,
    "profit_factor": 1.6610960455961277,
    "avg_win": 1166.063636363595,
    "avg_loss": -888.352035398243,
    "expectancy": 259.23171874997115,
    "avg_r": 0.28939197607404465,
    "max_drawdown": -6076.039999997141,
    "max_win_streak": 9,
    "max_loss_streak": 6,
    "avg_hold_minutes": 28.7109375,
    "largest_winner": 5569.199999999764,
    "largest_loser": -900.0,
    "avg_trade": 259.2317187499712,
    "avg_r_ratio": 1.7094230990357568
  },
  "s_v2": {
    "label": "v2 Checklist Only ($450/trade)",
    "total_trades": 83,
    "win_count": 38,
    "loss_count": 45,
    "win_rate": 0.4578313253012048,
    "gross_profit": 15487.719999998855,
    "gross_loss": 10798.699999999466,
    "net_profit": 4689.019999999389,
    "profit_factor": 1.4342207858352969,
    "avg_win": 407.5715789473383,
    "avg_loss": -239.97111111109925,
    "expectancy": 56.494216867462484,
    "avg_r": 0.30642933698970276,
    "max_drawdown": -1671.3400000003348,
    "max_win_streak": 5,
    "max_loss_streak": 5,
    "avg_hold_minutes": 33.91566265060241,
    "largest_winner": 1355.9000000000378,
    "largest_loser": -448.7999999999738,
    "avg_trade": 56.49421686746252,
    "avg_r_ratio": 2.199444816218864
  },
  "s_prop": {
    "label": "v3 PROP \u2014 Checklist + Regime ($450/trade)",
    "total_trades": 19,
    "win_count": 13,
    "loss_count": 6,
    "win_rate": 0.6842105263157895,
    "gross_profit": 5700.839999999789,
    "gross_loss": 1103.5600000000522,
    "net_profit": 4597.279999999737,
    "profit_factor": 5.165863206349921,
    "avg_win": 438.5261538461376,
    "avg_loss": -183.92666666667537,
    "expectancy": 241.96210526314405,
    "avg_r": 0.780224520721394,
    "max_drawdown": -555.6000000000349,
    "max_win_streak": 5,
    "max_loss_streak": 3,
    "avg_hold_minutes": 15.526315789473683,
    "largest_winner": 1207.7999999998428,
    "largest_loser": -224.10000000003492,
    "avg_trade": 241.96210526314405,
    "avg_r_ratio": 1.7071644348763442
  },
  "s_live": {
    "label": "v3 LIVE \u2014 Checklist + Regime ($1,650/trade)",
    "total_trades": 19,
    "win_count": 13,
    "loss_count": 6,
    "win_rate": 0.6842105263157895,
    "gross_profit": 21195.919999999227,
    "gross_loss": 4093.2600000001876,
    "net_profit": 17102.65999999904,
    "profit_factor": 5.178249121726511,
    "avg_win": 1630.455384615325,
    "avg_loss": -682.2100000000313,
    "expectancy": 900.1399999999494,
    "avg_r": 0.780224520721394,
    "max_drawdown": -2048.700000000128,
    "max_win_streak": 5,
    "max_loss_streak": 3,
    "avg_hold_minutes": 15.526315789473683,
    "largest_winner": 4428.599999999424,
    "largest_loser": -821.7000000001281,
    "avg_trade": 900.1399999999494,
    "avg_r_ratio": 1.7071644348763442
  },
  "s_y1": {
    "label": "Year 1 \u2014 Prop ($450)",
    "total_trades": 10,
    "win_count": 7,
    "loss_count": 3,
    "win_rate": 0.7,
    "gross_profit": 1974.4599999999446,
    "gross_loss": 547.9600000000173,
    "net_profit": 1426.4999999999272,
    "profit_factor": 3.603292211110085,
    "avg_win": 282.06571428570635,
    "avg_loss": -182.6533333333391,
    "expectancy": 142.6499999999927,
    "avg_r": 0.6081143503722931,
    "max_drawdown": -215.59999999997672,
    "max_win_streak": 3,
    "max_loss_streak": 1,
    "avg_hold_minutes": 11.5,
    "largest_winner": 608.1600000000035,
    "largest_loser": -223.020000000055,
    "avg_trade": 142.64999999999273,
    "avg_r_ratio": 1.660588295960888
  },
  "s_y2": {
    "label": "Year 2 \u2014 Prop ($450)",
    "total_trades": 9,
    "win_count": 6,
    "loss_count": 3,
    "win_rate": 0.6666666666666666,
    "gross_profit": 3726.3799999998446,
    "gross_loss": 555.6000000000349,
    "net_profit": 3170.7799999998097,
    "profit_factor": 6.706947444203762,
    "avg_win": 621.0633333333075,
    "avg_loss": -185.20000000001164,
    "expectancy": 352.3088888888677,
    "avg_r": 0.9714580433315064,
    "max_drawdown": -555.6000000000349,
    "max_win_streak": 5,
    "max_loss_streak": 3,
    "avg_hold_minutes": 20.0,
    "largest_winner": 1207.7999999998428,
    "largest_loser": -224.10000000003492,
    "avg_trade": 352.3088888888677,
    "avg_r_ratio": 1.758915700337962
  },
  "risk_tiers": {
    "900": {
      "label": "Live $900/trade",
      "total_trades": 19,
      "win_count": 13,
      "loss_count": 6,
      "win_rate": 0.6842105263157895,
      "gross_profit": 11553.319999999581,
      "gross_loss": 2224.4000000001033,
      "net_profit": 9328.919999999478,
      "profit_factor": 5.1939039741049475,
      "avg_win": 888.7169230768909,
      "avg_loss": -370.7333333333506,
      "expectancy": 490.9957894736568,
      "avg_r": 0.780224520721394,
      "max_drawdown": -1117.7000000000698,
      "max_win_streak": 5,
      "max_loss_streak": 3,
      "avg_hold_minutes": 15.526315789473683,
      "largest_winner": 2415.5999999996857,
      "largest_loser": -448.5,
      "avg_trade": 490.9957894736567,
      "avg_r_ratio": 1.7071644348763442
    },
    "1200": {
      "label": "Live $1200/trade",
      "total_trades": 19,
      "win_count": 13,
      "loss_count": 6,
      "win_rate": 0.6842105263157895,
      "gross_profit": 15413.419999999442,
      "gross_loss": 2978.9200000001365,
      "net_profit": 12434.499999999305,
      "profit_factor": 5.174163790903662,
      "avg_win": 1185.6476923076493,
      "avg_loss": -496.4866666666894,
      "expectancy": 654.4473684210161,
      "avg_r": 0.780224520721394,
      "max_drawdown": -1493.1000000000931,
      "max_win_streak": 5,
      "max_loss_streak": 3,
      "avg_hold_minutes": 15.526315789473683,
      "largest_winner": 3220.799999999581,
      "largest_loser": -598.0,
      "avg_trade": 654.4473684210161,
      "avg_r_ratio": 1.7071644348763442
    },
    "1650": {
      "label": "Live $1650/trade",
      "total_trades": 19,
      "win_count": 13,
      "loss_count": 6,
      "win_rate": 0.6842105263157895,
      "gross_profit": 21195.919999999227,
      "gross_loss": 4093.2600000001876,
      "net_profit": 17102.65999999904,
      "profit_factor": 5.178249121726511,
      "avg_win": 1630.455384615325,
      "avg_loss": -682.2100000000313,
      "expectancy": 900.1399999999494,
      "avg_r": 0.780224520721394,
      "max_drawdown": -2048.700000000128,
      "max_win_streak": 5,
      "max_loss_streak": 3,
      "avg_hold_minutes": 15.526315789473683,
      "largest_winner": 4428.599999999424,
      "largest_loser": -821.7000000001281,
      "avg_trade": 900.1399999999494,
      "avg_r_ratio": 1.7071644348763442
    },
    "2500": {
      "label": "Live $2500/trade",
      "total_trades": 19,
      "win_count": 13,
      "loss_count": 6,
      "win_rate": 0.6842105263157895,
      "gross_profit": 32263.49999999883,
      "gross_loss": 6211.760000000286,
      "net_profit": 26051.739999998543,
      "profit_factor": 5.1939385938924465,
      "avg_win": 2481.8076923076023,
      "avg_loss": -1035.293333333381,
      "expectancy": 1371.1442105262395,
      "avg_r": 0.780224520721394,
      "max_drawdown": -3108.5200000001932,
      "max_win_streak": 5,
      "max_loss_streak": 3,
      "avg_hold_minutes": 15.526315789473683,
      "largest_winner": 6723.419999999125,
      "largest_loser": -1248.0,
      "avg_trade": 1371.144210526239,
      "avg_r_ratio": 1.7071644348763442
    },
    "3500": {
      "label": "Live $3500/trade",
      "total_trades": 19,
      "win_count": 13,
      "loss_count": 6,
      "win_rate": 0.6842105263157895,
      "gross_profit": 45161.25999999835,
      "gross_loss": 8727.420000000398,
      "net_profit": 36433.83999999796,
      "profit_factor": 5.17464038627639,
      "avg_win": 3473.9430769229502,