{
  "mvc_assignments": {
    "MVC-001": {
      "original_id": "C-04",
      "bcs": 79.06981210035113,
      "wr": 67.53864447086801,
      "pf": 3.106557692229158,
      "z": 9.295993246630204,
      "name": "High Volume + Large OV Range + Bullish OV",
      "flags": [
        "rel_vol_p85",
        "ov_range_p75",
        "ov_bull"
      ],
      "rank": 1
    },
    "MVC-002": {
      "original_id": "C-01",
      "bcs": 74.9823338584726,
      "wr": 71.12,
      "pf": 3.153392297876443,
      "z": 13.639356620574443,
      "name": "Overnight Range + Bullish OV + AM Session",
      "flags": [
        "ov_range_p75",
        "ov_bull",
        "am_session"
      ],
      "rank": 2
    },
    "MVC-003": {
      "original_id": "ML-001",
      "bcs": 73.95174225771785,
      "wr": 65.3,
      "pf": 2.536,
      "z": 10.45,
      "name": "Participation-Amplified Directional Momentum",
      "flags": [
        "rel_txn>=1.33",
        "ov_range_vs_atr14>=10.85",
        "ov_dir==1"
      ],
      "rank": 3
    },
    "MVC-004": {
      "original_id": "C-02",
      "bcs": 72.25530440807546,
      "wr": 68.75,
      "pf": 2.439972477404075,
      "z": 10.811848677659873,
      "name": "Large OV Range + Bullish OV + Wednesday",
      "flags": [
        "ov_range_p85",
        "ov_bull",
        "dow_wed"
      ],
      "rank": 4
    },
    "MVC-005": {
      "original_id": "C-05",
      "bcs": 68.34150160579995,
      "wr": 66.41053787047201,
      "pf": 2.486918445603595,
      "z": 8.401827837935596,
      "name": "Bullish OV + Expanded Day Range + AM Session",
      "flags": [
        "ov_bull",
        "dayrange_p75",
        "am_session"
      ],
      "rank": 5
    },
    "MVC-006": {
      "original_id": "C-03",
      "bcs": 61.765061073373566,
      "wr": 67.66612641815234,
      "pf": 1.7386079723529777,
      "z": 10.89187623647207,
      "name": "OV Range + EMA Aligned Bull + AM Session",
      "flags": [
        "ov_range_p75",
        "ema_bull",
        "am_session"
      ],
      "rank": 6
    }
  },
  "overlap_matrix": {
    "ML-001": {
      "ML-001": 1.0,
      "C-01": 0.3752,
      "C-02": 0.16442307692307692,
      "C-03": 0.28282009724473256,
      "C-04": 1.0,
      "C-05": 0.3633369923161361
    },
    "C-01": {
      "ML-001": 0.3752,
      "C-01": 1.0,
      "C-02": 0.1346153846153846,
      "C-03": 0.8322528363047001,
      "C-04": 0.4946492271105826,
      "C-05": 0.8562019758507134
    },
    "C-02": {
      "ML-001": 0.16442307692307692,
      "C-01": 0.1346153846153846,
      "C-02": 1.0,
      "C-03": 0.11346153846153846,
      "C-04": 0.15101070154577884,
      "C-05": 0.15367727771679474
    },
    "C-03": {
      "ML-001": 0.28282009724473256,
      "C-01": 0.8322528363047001,
      "C-02": 0.11346153846153846,
      "C-03": 1.0,
      "C-04": 0.3686087990487515,
      "C-05": 0.6684961580680571
    },
    "C-04": {
      "ML-001": 1.0,
      "C-01": 0.4946492271105826,
      "C-02": 0.15101070154577884,
      "C-03": 0.3686087990487515,
      "C-04": 1.0,
      "C-05": 0.33174791914387636
    },
    "C-05": {
      "ML-001": 0.3633369923161361,
      "C-01": 0.8562019758507134,
      "C-02": 0.15367727771679474,
      "C-03": 0.6684961580680571,
      "C-04": 0.33174791914387636,
      "C-05": 1.0
    }
  },
  "ml001_bcs": {
    "bcs": 73.95174225771785,
    "wr_score": 47.017044621922615,
    "pf_score": 51.2,
    "oos_score": 100.0,
    "wf_score": 91.66666666666666,
    "mc_score": 100.0,
    "z_score_s": 62.08333333333332,
    "stab_score": 93.50000000000001
  },
  "candidate_bcs": {
    "C-01": {
      "bcs": 74.9823338584726,
      "wr_score": 67.99396981242674,
      "pf_score": 71.7797432625481,
      "oos_score": 82.66789526582235,
      "wf_score": 83.33333333333334,
      "mc_score": 100.0,
      "z_score_s": 88.66130517145369,
      "stab_score": 32.61276436458914
    },
    "C-02": {
      "bcs": 72.25530440807546,
      "wr_score": 59.451819863716295,
      "pf_score": 47.999082580135834,
      "oos_score": 100.0,
      "wf_score": 83.33333333333334,
      "mc_score": 100.0,
      "z_score_s": 65.09873898049894,
      "stab_score": 67.55250021255144
    },
    "C-03": {
      "bcs": 61.765061073373566,
      "wr_score": 55.54523308667471,
      "pf_score": 24.620265745099257,
      "oos_score": 95.59401191710899,
      "wf_score": 75.0,
      "mc_score": 100.0,
      "z_score_s": 65.76563530393392,
      "stab_score": 35.66295989059029
    },
    "C-04": {
      "bcs": 79.06981210035113,
      "wr_score": 55.08575211222053,
      "pf_score": 70.21858974097194,
      "oos_score": 100.0,
      "wf_score": 100.0,
      "mc_score": 100.0,
      "z_score_s": 52.46661038858503,
      "stab_score": 87.62282690854121
    },
    "C-05": {
      "bcs": 68.34150160579995,
      "wr_score": 51.01973703259499,
      "pf_score": 49.563948186786504,
      "oos_score": 86.84519441963005,
      "wf_score": 91.66666666666666,
      "mc_score": 100.0,
      "z_score_s": 45.01523198279663,
      "stab_score": 69.46462200699486
    }
  },
  "ml001_c01_relationship": {
    "overlap": 469,
    "ml001_only": 1229,
    "c01_only": 781,
    "ml001_only_metrics": {
      "n": 1229,
      "wr": 61.26932465419039,
      "pf": 1.9568284281494617
    },
    "c01_only_metrics": {
      "n": 781,
      "wr": 68.24583866837388,
      "pf": 2.222320637834816
    },
    "overlap_metrics": {
      "n": 469,
      "wr": 75.90618336886993,
      "pf": 4.480683848106348
    },
    "conclusion": "INDEPENDENT \u2014 ML-001 fires outside AM session; C-01 fires during AM session"
  }
}