{
  "selected_config": {
    "stop_mult": 1.5,
    "rr": 3.0,
    "session_restrict": [
      9,
      10,
      11
    ],
    "adx_min": 25,
    "ema_required": false,
    "label": "AM + ADX>=25 + RR=3.0"
  },
  "selected_label": "AM + ADX>=25 + RR=3.0",
  "b1_scores": {
    "label": "Model B1",
    "n": 134,
    "wr": 43.28358208955223,
    "pf": 2.23149400749773,
    "net": 75061.3084624478,
    "max_dd": -5104.7439630934605,
    "exp": 560.1590183764762
  },
  "stop_results": {
    "1.0": {
      "label": "Stop=1.0\u00d7ATR",
      "n": 137,
      "wr": 40.14598540145985,
      "pf": 1.6681466975136527,
      "net": 43786.74377118025,
      "max_dd": -6795.247653759565,
      "exp": 319.6112684027755
    },
    "1.2": {
      "label": "Stop=1.2\u00d7ATR",
      "n": 137,
      "wr": 40.14598540145985,
      "pf": 1.679939284279949,
      "net": 44775.30021630274,
      "max_dd": -6819.429246339991,
      "exp": 326.8270088781222
    },
    "1.5": {
      "label": "Stop=1.5\u00d7ATR",
      "n": 137,
      "wr": 42.33576642335766,
      "pf": 1.8354196525060769,
      "net": 52767.399737893385,
      "max_dd": -4465.70859506134,
      "exp": 385.1635017364481
    },
    "1.8": {
      "label": "Stop=1.8\u00d7ATR",
      "n": 137,
      "wr": 46.715328467153284,
      "pf": 2.161154641298219,
      "net": 67196.85399767788,
      "max_dd": -5504.956558329104,
      "exp": 490.4879853845101
    },
    "2.0": {
      "label": "Stop=2.0\u00d7ATR",
      "n": 137,
      "wr": 46.715328467153284,
      "pf": 2.1037288408015558,
      "net": 64544.789052801185,
      "max_dd": -4804.441180762216,
      "exp": 471.1298471007386
    },
    "2.5": {
      "label": "Stop=2.5\u00d7ATR",
      "n": 137,
      "wr": 52.55474452554745,
      "pf": 2.5496265216429053,
      "net": 81688.406694609,
      "max_dd": -4941.159570411779,
      "exp": 596.2657422964161
    }
  },
  "rr_results": {
    "1.5": {
      "label": "RR=1.5",
      "n": 137,
      "wr": 51.09489051094891,
      "pf": 1.5602803640341312,
      "net": 30080.675521311314,
      "max_dd": -7262.44234448803,
      "exp": 219.5669746081118
    },
    "2.0": {
      "label": "RR=2.0",
      "n": 137,
      "wr": 47.44525547445255,
      "pf": 1.8008648508956513,
      "net": 46159.27096556697,
      "max_dd": -4900.94674524587,
      "exp": 336.9289851501239
    },
    "2.5": {
      "label": "RR=2.5",
      "n": 137,
      "wr": 42.33576642335766,
      "pf": 1.8354196525060769,
      "net": 52767.399737893385,
      "max_dd": -4465.70859506134,
      "exp": 385.1635017364481
    },
    "3.0": {
      "label": "RR=3.0",
      "n": 137,
      "wr": 40.87591240875913,
      "pf": 2.0564884696916357,
      "net": 68435.1418311178,
      "max_dd": -4896.123533149177,
      "exp": 499.52658270888907
    },
    "3.5": {
      "label": "RR=3.5",
      "n": 137,
      "wr": 39.416058394160586,
      "pf": 2.2264271890922265,
      "net": 81332.00935046648,
      "max_dd": -4844.946857645053,
      "exp": 593.6643018282225
    }
  },
  "session_results": {
    "All RTH": {
      "label": "All RTH",
      "n": 137,
      "wr": 42.33576642335766,
      "pf": 1.8354196525060769,
      "net": 52767.399737893385,
      "max_dd": -4465.70859506134,
      "exp": 385.1635017364481
    },
    "AM Only (9-11)": {
      "label": "AM Only (9-11)",
      "n": 137,
      "wr": 42.33576642335766,
      "pf": 1.8354196525060769,
      "net": 52767.399737893385,
      "max_dd": -4465.70859506134,
      "exp": 385.1635017364481
    },
    "AM+Mid (9-13)": {
      "label": "AM+Mid (9-13)",
      "n": 137,
      "wr": 42.33576642335766,
      "pf": 1.8354196525060769,
      "net": 52767.399737893385,
      "max_dd": -4465.70859506134,
      "exp": 385.1635017364481
    },
    "PM Only (12-15)": {
      "label": "PM Only (12-15)",
      "n": 137,
      "wr": 50.36496350364964,
      "pf": 1.687596939941502,
      "net": 35862.731137628325,
      "max_dd": -9244.450661217394,
      "exp": 261.7717601286739
    }
  },
  "adx_results": {
    "None": {
      "label": "ADX>=None",
      "n": 137,
      "wr": 42.33576642335766,
      "pf": 1.8354196525060769,
      "net": 52767.399737893385,
      "max_dd": -4465.70859506134,
      "exp": 385.1635017364481
    },
    "20": {
      "label": "ADX>=20",
      "n": 137,
      "wr": 43.79562043795621,
      "pf": 1.9460384318067354,
      "net": 58305.618002176634,
      "max_dd": -5583.780882553139,
      "exp": 425.58845257063234
    },
    "25": {
      "label": "ADX>=25",
      "n": 137,
      "wr": 43.79562043795621,
      "pf": 1.917556868676586,
      "net": 56640.13839988013,
      "max_dd": -5591.879751208646,
      "exp": 413.4316671524097
    },
    "30": {
      "label": "ADX>=30",
      "n": 135,
      "wr": 45.18518518518518,
      "pf": 2.074826163680435,
      "net": 62410.89496580435,
      "max_dd": -5646.544881050664,
      "exp": 462.30292567262484
    },
    "35": {
      "label": "ADX>=35",
      "n": 133,
      "wr": 49.62406015037594,
      "pf": 2.4463111670690343,
      "net": 75168.48378293063,
      "max_dd": -5496.409932526993,
      "exp": 565.176569796471
    }
  },
  "ema_results": {
    "False": {
      "label": "EMA_req=False",
      "n": 137,
      "wr": 42.33576642335766,
      "pf": 1.8354196525060769,
      "net": 52767.399737893385,
      "max_dd": -4465.70859506134,
      "exp": 385.1635017364481
    },
    "True": {
      "label": "EMA_req=True",
      "n": 128,
      "wr": 46.09375,
      "pf": 1.9146985482260077,
      "net": 49844.49182558788,
      "max_dd": -5649.7643527167165,
      "exp": 389.4100923874053
    }
  },
  "best_configs": {
    "Baseline (MVC-003 only)": {
      "config": {
        "stop_mult": 1.5,
        "rr": 2.5,
        "session_restrict": null,
        "adx_min": null,
        "ema_required": false,
        "label": "Baseline (MVC-003 only)"
      },
      "scores": {
        "label": "Baseline (MVC-003 only)",
        "n": 137,
        "wr": 42.33576642335766,
        "pf": 1.8354196525060769,
        "net": 52767.399737893385,
        "max_dd": -4465.70859506134,
        "exp": 385.1635017364481
      }
    },
    "AM Session": {
      "config": {
        "stop_mult": 1.5,
        "rr": 2.5,
        "session_restrict": [
          9,
          10,
          11
        ],
        "adx_min": null,
        "ema_required": false,
        "label": "AM Session"
      },
      "scores": {
        "label": "AM Session",
        "n": 137,
        "wr": 42.33576642335766,
        "pf": 1.8354196525060769,
        "net": 52767.399737893385,
        "max_dd": -4465.70859506134,
        "exp": 385.1635017364481
      }
    },
    "ADX>=25": {
      "config": {
        "stop_mult": 1.5,
        "rr": 2.5,
        "session_restrict": null,
        "adx_min": 25,
        "ema_required": false,
        "label": "ADX>=25"
      },
      "scores": {
        "label": "ADX>=25",
        "n": 137,
        "wr": 43.79562043795621,
        "pf": 1.917556868676586,
        "net": 56640.13839988013,
        "max_dd": -5591.879751208646,
        "exp": 413.4316671524097
      }
    },
    "AM + ADX>=25": {
      "config": {
        "stop_mult": 1.5,
        "rr": 2.5,
        "session_restrict": [
          9,
          10,
          11
        ],
        "adx_min": 25,
        "ema_required": false,
        "label": "AM + ADX>=25"
      },
      "scores": {
        "label": "AM + ADX>=25",
        "n": 134,
        "wr": 44.776119402985074,
        "pf": 1.9948293751593664,
        "net": 59031.308987375916,
        "max_dd": -4801.156299153037,
        "exp": 440.53215662220833
      }
    },
    "EMA Bull": {
      "config": {
        "stop_mult": 1.5,
        "rr": 2.5,
        "session_restrict": null,
        "adx_min": null,
        "ema_required": true,
        "label": "EMA Bull"
      },
      "scores": {
        "label": "EMA Bull",
        "n": 128,
        "wr": 46.09375,
        "pf": 1.9146985482260077,