{
  "MVC-001": {
    "n": 59,
    "wr": 44.06779661016949,
    "pf": 1.9719677656289543,
    "net_pnl": 25719.262676570273,
    "max_dd": -5524.482183531814,
    "expectancy": 435.919706382547,
    "avg_win": 2006.9341148583594,
    "avg_loss": -801.8492215074871
  },
  "MVC-002": {
    "n": 59,
    "wr": 44.06779661016949,
    "pf": 1.9719677656289543,
    "net_pnl": 25719.262676570273,
    "max_dd": -5524.482183531814,
    "expectancy": 435.919706382547,
    "avg_win": 2006.9341148583594,
    "avg_loss": -801.8492215074871
  },
  "MVC-003": {
    "n": 137,
    "wr": 42.33576642335766,
    "pf": 1.8354196525060769,
    "net_pnl": 52767.399737893385,
    "max_dd": -4465.70859506134,
    "expectancy": 385.1635017364481,
    "avg_win": 1998.7956248675957,
    "avg_loss": -799.5284367649008
  },
  "MVC-004": {
    "n": 13,
    "wr": 53.84615384615385,
    "pf": 2.9820968211448804,
    "net_pnl": 9456.040752969559,
    "max_dd": -1538.488923574434,
    "expectancy": 727.3877502284275,
    "avg_win": 2032.3952439977115,
    "avg_loss": -795.1209925024037
  },
  "MVC-005": {
    "n": 56,
    "wr": 44.642857142857146,
    "pf": 1.5292486833022905,
    "net_pnl": 12740.946299523406,
    "max_dd": -6343.93711022241,
    "expectancy": 227.5168982057751,
    "avg_win": 1472.5837562387214,
    "avg_loss": -776.5692776272462
  },
  "MVC-006": {
    "n": 79,
    "wr": 37.9746835443038,
    "pf": 1.5072325466411616,
    "net_pnl": 19975.36665072119,
    "max_dd": -6481.019977793105,
    "expectancy": 252.85274241419228,
    "avg_win": 1978.5482973519026,
    "avg_loss": -803.6955565272631
  }
}