{
  "n_trades": 883,
  "n_dims": 22,
  "best_k": 4,
  "winning_clusters": [
    1,
    2
  ],
  "losing_clusters": [
    3,
    0
  ],
  "marginal_clusters": [],
  "oof_auc": 0.7341239481407464,
  "oof_auc_std": 0.03478679102106349,
  "optimal_thresh": 45,
  "always_stats": {
    "label": "Always-On (all 883 trades)",
    "n": 883.0,
    "net_pnl": 8139.579999999998,
    "pf": 1.1807472485696024,
    "wr": 34.20158550396376,
    "expectancy": 9.218097395243486,
    "max_dd": -3356.37999999997,
    "romad": 2.4251068115052736
  },
  "regime_stats": {
    "label": "Regime-Activated (RAS\u226545, 266 trades, 30.1% coverage)",
    "n": 266.0,
    "net_pnl": 23705.160000000003,
    "pf": 3.8263294568190322,
    "wr": 53.383458646616546,
    "expectancy": 89.11714285714287,
    "max_dd": -642.9400000000096,
    "romad": 36.86994120757714
  },
  "pf_improvement": 224.05999348754602,
  "exp_improvement": 866.7628691266277,
  "dd_improvement": -80.84424290455743,
  "trade_reduction": 69.87542468856172,
  "p_pos_always": 81.03,
  "p_pos_regime": 100.0,
  "mc_always_mean": 4073.8359999999984,
  "mc_regime_mean": 11873.36295,
  "mc_always_p5": -2998.415,
  "mc_regime_p5": 6483.83,
  "mc_always_p95": 11945.21,
  "mc_regime_p95": 18405.305,
  "mc_always_dd_mean": -3268.8957959999866,
  "mc_regime_dd_mean": -596.1745999999986,
  "top_features": [
    "prev_day_position",
    "prev_day_range_atr",
    "overnight_gap",
    "chop",
    "vwap_dist",
    "ema_dist",
    "atr_expansion",
    "or_position",
    "pullback",
    "vol_ratio"
  ],
  "cluster_df": [
    {
      "cluster": 1,
      "n": 173,
      "wr": 41.040462427745666,
      "net_pnl": 6281.98,
      "pf": 1.610643228468002,
      "expectancy": 36.312023121387284,
      "adx": 41.271354019933206,
      "chop": 44.90405003425437,
      "atr_expansion": 1.5209698082482213,
      "dir_efficiency": 0.21392617543387374,
      "trend_persistence": 6.057803468208093,
      "vol_regime": 0.9530635838150289,
      "bb_width_pct": 0.8996531791907515,
      "cross_age": 5.057803468208093,
      "dow": 2.3236994219653178,
      "ema_slope": -0.6792732929253444,
      "vwap_dist": -1.3343464982153406,
      "prev_day_range_atr": 9.577607364881779,
      "overnight_gap": 0.3701612147093042
    },
    {
      "cluster": 2,
      "n": 216,
      "wr": 36.11111111111111,
      "net_pnl": 3243.16,
      "pf": 1.4106502971781374,
      "expectancy": 15.01462962962963,
      "adx": 24.71532915516054,
      "chop": 54.82371178541421,
      "atr_expansion": 0.862779605932611,
      "dir_efficiency": 0.12123826155477611,
      "trend_persistence": 5.2407407407407405,
      "vol_regime": 0.30324074074074076,
      "bb_width_pct": 0.3339814814814815,
      "cross_age": 4.2407407407407405,
      "dow": 1.9305555555555556,
      "ema_slope": 0.5541625707254663,
      "vwap_dist": 3.429556662117805,
      "prev_day_range_atr": 15.768891948047113,
      "overnight_gap": 0.13958844109012997
    },
    {
      "cluster": 3,
      "n": 235,
      "wr": 34.8936170212766,
      "net_pnl": -79.90000000000191,
      "pf": 0.9942035167749789,
      "expectancy": -0.34000000000000813,
      "adx": 31.89778434669625,
      "chop": 49.720698474245985,
      "atr_expansion": 1.2975921073461927,
      "dir_efficiency": 0.16616022863174346,
      "trend_persistence": 5.476595744680851,
      "vol_regime": 0.8671489361702128,
      "bb_width_pct": 0.8853617021276596,
      "cross_age": 4.476595744680851,
      "dow": 2.217021276595745,
      "ema_slope": 0.6837310854096794,
      "vwap_dist": 1.582901692757078,
      "prev_day_range_atr": 9.174827085354513,
      "overnight_gap": -0.6679696379464949
    },
    {
      "cluster": 0,
      "n": 259,
      "wr": 27.413127413127413,
      "net_pnl": -1305.6600000000012,
      "pf": 0.9000537370192948,
      "expectancy": -5.041158301158306,
      "adx": 28.453785379143778,
      "chop": 54.176247327915306,
      "atr_expansion": 0.9522104244546223,
      "dir_efficiency": 0.12408828384824867,
      "trend_persistence": 5.447876447876448,
      "vol_regime": 0.534054054054054,
      "bb_width_pct": 0.5105791505791506,
      "cross_age": 4.447876447876448,
      "dow": 2.027027027027027,
      "ema_slope": -0.38734049940658677,
      "vwap_dist": -1.6046685330453074,
      "prev_day_range_atr": 10.7883514539788,
      "overnight_gap": -0.6501602359808228
    }
  ],
  "thresh_df": [
    {
      "threshold": 30,
      "n": 426,
      "net_pnl": 26787.76,
      "pf": 2.7635267691384,
      "wr": 50.23474178403756,
      "expectancy": 62.882065727699526,
      "coverage": 48.24462061155153
    },
    {
      "threshold": 35,
      "n": 369,
      "net_pnl": 25807.94,
      "pf": 2.976411359184192,
      "wr": 52.03252032520326,
      "expectancy": 69.94021680216802,
      "coverage": 41.78935447338618
    },
    {
      "threshold": 40,
      "n": 319,
      "net_pnl": 26156.440000000002,
      "pf": 3.579652685728712,
      "wr": 53.60501567398119,
      "expectancy": 81.99510971786835,
      "coverage": 36.12684031710079
    },
    {
      "threshold": 45,
      "n": 266,
      "net_pnl": 23705.160000000003,
      "pf": 3.8263294568190322,
      "wr": 53.383458646616546,
      "expectancy": 89.11714285714287,
      "coverage": 30.124575311438278
    },
    {
      "threshold": 50,
      "n": 202,
      "net_pnl": 22376.52,
      "pf": 4.789175294392572,
      "wr": 56.930693069306926,
      "expectancy": 110.77485148514852,
      "coverage": 22.87655719139298
    },
    {
      "threshold": 55,
      "n": 156,
      "net_pnl": 18607.56,
      "pf": 5.47473523215883,
      "wr": 58.97435897435898,
      "expectancy": 119.27923076923078,
      "coverage": 17.667044167610417
    },
    {
      "threshold": 60,
      "n": 123,
      "net_pnl": 15383.980000000003,
      "pf": 5.836999446624407,
      "wr": 57.72357723577236,
      "expectancy": 125.07300813008133,
      "coverage": 13.929784824462061
    },
    {
      "threshold": 65,
      "n": 94,
      "net_pnl": 14521.440000000002,
      "pf": 7.2454582989265095,
      "wr": 59.57446808510638,
      "expectancy": 154.4834042553192,
      "coverage": 10.645526613816534
    },
    {
      "threshold": 70,
      "n": 70,
      "net_pnl": 14542.7,
      "pf": 12.555398404475097,
      "wr": 67.14285714285714,
      "expectancy": 207.75285714285715,
      "coverage": 7.9275198187995475
    }
  ],
  "univ_df": [
    {
      "feature": "prev_day_range_atr",
      "win_mean": 12.577263060056083,
      "loss_mean": 10.696971914637878,
      "diff": 1.8802911454182052,
      "pval": 1.1661841517365048e-06,
      "sig": "***"
    },
    {
      "feature": "overnight_gap",
      "win_mean": -0.8516302984008551,
      "loss_mean": 0.04477965146433137,
      "diff": -0.8964099498651865,
      "pval": 0.03891395429428122,
      "sig": "*"
    },
    {
      "feature": "dir_efficiency",
      "win_mean": 0.15955599639606127,
      "loss_mean": 0.14836024299386819,
      "diff": 0.011195753402193087,
      "pval": 0.0795993032728745,
      "sig": ""
    },
    {
      "feature": "chop",
      "win_mean": 50.64702739590826,
      "loss_mean": 51.68835168225309,
      "diff": -1.0413242863448318,
      "pval": 0.08250603951650631,
      "sig": ""
    },
    {
      "feature": "bb_width_pct",
      "win_mean": 0.6673509933774834,
      "loss_mean": 0.6308777969018933,
      "diff": 0.03647319647559011,
      "pval": 0.08280977213451354,
      "sig": ""
    },
    {
      "feature": "dow",
      "win_mean": 2.0298013245033113,
      "loss_mean": 2.1549053356282273,
      "diff": -0.12510401112491598,
      "pval": 0.19083220768708742,
      "sig": ""
    },
    {
      "feature": "pullback",
      "win_mean": 0.5343149520879371,
      "loss_mean": 0.5753888435446298,
      "diff": -0.04107389145669271,
      "pval": 0.2713025933809038,
      "sig": ""
    },
    {
      "feature": "vol_regime",
      "win_mean": 0.6576821192052981,
      "loss_mean": 0.6434767641996557,